{"loss": [0.14877696335315704], "accuracy": [0.0825892835855484]}