{"loss": [0.0711306631565094], "accuracy": [0.0825892835855484]}